,MAE,S,R2,R2(adj),numdata,similarity,E_MAE,E_S,E_R2,E_R2(adj),maxerr,burn_acc,run_acc
0,0.030707898479504708,0.025614518177871224,0.9449443157022785,0.9448118376169421,10000,0.0,0.0300658811925505,0.02493332215332347,0.9465504680735936,0.9464862451454753,0.19847612000166182,0.2892,0.28448
1,0.024185226224375245,0.019971557046148822,0.9660197943050302,0.9659380292221468,10000,3.2481786453184394,0.025775407570485936,0.02090485714046783,0.9613826093746196,0.9613362081843217,0.17261601421192563,0.3085,0.28652
2,0.01896634921042949,0.016305844072955534,0.9786938108499588,0.9786425426988057,10000,178.51100926676304,0.021990119857325578,0.018332404822276323,0.971123684125921,0.9710889874411819,0.14273788747513394,0.2796,0.28564
3,0.01735956816542536,0.014813611813520408,0.981924321401722,0.9818808266868274,10000,38.31153021777893,0.020692153919398423,0.017228161761561497,0.9743717268240829,0.9743409328641238,0.14472721437158154,0.2748,0.27618
4,0.01510985130068318,0.01275799408249365,0.9863697398869142,0.986336941988106,10000,220.00766627297554,0.019124471434413384,0.016041834519036385,0.9781045363769341,0.9780782276192014,0.13703139853025093,0.28,0.28564
5,0.014070151013352648,0.011973790104309068,0.9881434444660449,0.9881149145549947,10000,69.55209441213022,0.018741710036368472,0.0157115056817995,0.9792399160192533,0.9792149714905891,0.1085068219351012,0.2749,0.27906
6,0.013010226051941033,0.011032541894083423,0.9899167320057948,0.989892469078999,10000,256.01456493587034,0.01818557027641347,0.015303331813362596,0.9801627670601942,0.9801389313943007,0.09953983369257047,0.2953,0.28278
7,0.011874663011396312,0.010080556153410764,0.9913251966573635,0.9913043228574614,10000,59.47075341832746,0.017398714570000744,0.014711288525002971,0.981313852529983,0.9812913999646842,0.10645775572877336,0.2937,0.27328
8,0.011635255569511815,0.009939036710427628,0.9916013115370482,0.9915811021403056,10000,57.176793457073934,0.017282446824034188,0.014587719124728575,0.9822372394023606,0.9822158963436671,0.08266391619780566,0.281,0.27284
9,0.010866061608651134,0.009535817484672434,0.9926674520145811,0.9926498080250432,10000,349.4270980169837,0.01715582784435935,0.014847360231592282,0.9821434246492449,0.9821219688663061,0.09115682484943932,0.274,0.28072
10,0.010210354341997581,0.009049430139756683,0.9935784428349016,0.9935629909227337,10000,329.9176625421473,0.016685017400921716,0.014037594136630154,0.9833215640605812,0.983301523885226,0.10582299875309731,0.2721,0.27268
11,0.009633766676801414,0.00847543707390971,0.9942089229776421,0.9941949881622685,10000,268.9582135577055,0.01667494316622538,0.013929148483951399,0.9834061062723044,0.9833861676796607,0.07066337842201575,0.2915,0.28368
12,0.009217564886495475,0.008164346107370074,0.9947409318863156,0.9947282772207122,10000,273.86340030377465,0.01653016200007333,0.01380561943796156,0.9837118663325294,0.9836922951295646,0.08112602840623051,0.2943,0.2795
13,0.008872235565312097,0.007854282168788166,0.9949702713780235,0.9949581685620091,10000,152.23963706817435,0.016284988487629208,0.013601500624402997,0.984140759601669,0.9841217037405716,0.07069953074046487,0.2986,0.27966
14,0.00913981289677022,0.007894080079688925,0.9949653206930623,0.9949532059644313,10000,243.8377487909775,0.016715766206025075,0.014056134493282612,0.9831612138859802,0.9831409810399435,0.07878968166412958,0.2853,0.28072
15,0.00809017240653169,0.007115702212724686,0.9958282032275834,0.995818164815458,10000,330.0225884843223,0.01594900411761454,0.013485255535632562,0.9845013953489365,0.9844827728140599,0.06908584095857839,0.2717,0.28152
16,0.007948829437404839,0.006931194017975185,0.9961165996062021,0.99610725514967,10000,344.40000513666564,0.016294291076021455,0.013725106980809327,0.9843864702279836,0.9843677096034453,0.05174315094982335,0.2748,0.28322
17,0.007870181635142474,0.0069304191695794435,0.9961608978011675,0.9961516599374446,10000,197.68762899360092,0.016321502305332566,0.013969237520191944,0.9835759645015527,0.9835562300041079,0.06932883141929636,0.2728,0.2828
18,0.007121747497041376,0.006401810580662607,0.9967600671722445,0.9967522710635753,10000,73.06920241162194,0.015809640503270442,0.013425986430900655,0.9847907532098137,0.984772478356356,0.08526522499317446,0.2815,0.27968
19,0.007245080792876807,0.006235010262877167,0.9967321706110143,0.9967243073760699,10000,7.944644062833291,0.016291581410567038,0.013939269533841413,0.9837034380465265,0.9836838567164532,0.04780023201491823,0.2535,0.27974
20,0.007240617303760753,0.006233559668225164,0.9967534822434341,0.9967456702897387,10000,270.7852161491094,0.016250710586330413,0.01353892065775497,0.984735846786324,0.9847175059593926,0.06269839886085937,0.2847,0.27666
21,0.006913327296701054,0.006145322575270897,0.9970187851740023,0.9970116116071461,10000,164.36025240156107,0.01589575157423036,0.013399397005279751,0.9844711766791057,0.9844525178346227,0.06269835827148684,0.2837,0.28012
22,0.006346747858642451,0.00558318635156551,0.9974246955390559,0.9974184986965591,10000,479.2517098482465,0.015894570567137407,0.013324553724374322,0.9850171491521583,0.9849991463274688,0.05630448130873367,0.2903,0.27562
23,0.006413706467784277,0.0056458995929068315,0.9974635150968217,0.9974574116641292,10000,109.08815380618161,0.015844737670263835,0.013175979951251781,0.9852048450960759,0.9851870677997059,0.0633146099250812,0.2794,0.27178
24,0.006101433960458535,0.005329861656055251,0.9977191592895136,0.9977136710022616,10000,291.6132913300094,0.0159545027455121,0.01368195425340317,0.984259291055981,0.9842403776177785,0.04711884928247212,0.2814,0.28328
25,0.005667183931006019,0.0051592755820050505,0.9979556401216698,0.997950720867902,10000,390.08262284274764,0.015741169342567154,0.013194589574942472,0.9852121265592438,0.9851943580120035,0.052077181650003856,0.2853,0.2758
26,0.006172364301592057,0.005359669673466411,0.9975856117808533,0.9975798021440717,10000,320.8267230936085,0.01619301293840298,0.013370363149498762,0.984695615863527,0.9846772266966464,0.04923423303001273,0.2762,0.28432
27,0.005458783808198272,0.004726850558844109,0.9981516651102377,0.998147217542827,10000,349.75633293883243,0.015841032081989434,0.013227410301662074,0.9851595517583226,0.9851417200391978,0.05296377969739241,0.2763,0.2768
28,0.005724081295953558,0.004888757027180424,0.9980000267691413,0.9979952143210222,10000,455.89330264115426,0.016010271607102722,0.01357154801562171,0.9846670405652329,0.9846486170633587,0.04419493396485885,0.2825,0.2766
29,0.005269552616786758,0.004668380889911765,0.9982192509278326,0.998214965989219,10000,291.01895022793354,0.01570953852079653,0.013106751526877163,0.9853373195282009,0.9853197014080786,0.04249980743970361,0.2661,0.27268
30,0.005185490889941873,0.00460435597078596,0.9982977010169718,0.9982936048493768,10000,66.71763852280156,0.015691297324565995,0.013286008607017997,0.9852616930825996,0.9852439840926117,0.0435034496133756,0.2811,0.27438
31,0.0058388753351299085,0.004932281219429878,0.997990630237583,0.997985795179001,10000,153.9453385086618,0.016043287435593696,0.013527836807446025,0.9842945984437407,0.9842757274295547,0.04496605843209711,0.2925,0.28704
32,0.00494700004879318,0.004487280139968203,0.9984581482967511,0.9984544382064284,10000,256.50492746936806,0.01577463837958586,0.013305682763135596,0.9853082429927286,0.9852905899353452,0.06289548066297035,0.2854,0.28312
33,0.0049561736267951005,0.004400894616281615,0.9984148568780259,0.9984110426174557,10000,305.7046362694355,0.015660098363120795,0.013246593791816629,0.9851103498125668,0.9850924589742521,0.034857966196934376,0.2671,0.28572
34,0.0046568555269506885,0.004222057398354443,0.9985857665214377,0.9985823635132679,10000,73.709643709077,0.01603308809213703,0.013458729008630004,0.9846244451897006,0.9846059705068405,0.046864190968088026,0.276,0.27952
35,0.004727566460757732,0.004227227560975209,0.9986098300155417,0.9986064849103053,10000,11.010838062031318,0.01536874991228493,0.012767862656982203,0.986107044601951,0.9860903513542513,0.04573790277823586,0.2837,0.27924
36,0.00468261994067483,0.004093241220135991,0.9986508134076231,0.9986475669189308,10000,93.90443002294077,0.015724654601415297,0.013242378535833427,0.9852147147480568,0.9851969493106859,0.04236844610081969,0.2684,0.27296
37,0.004642386719626134,0.004036718861850371,0.9986536127935319,0.9986503730408796,10000,242.48471838151391,0.01566533252005763,0.0132439609863352,0.9852490830080376,0.9852313588662629,0.035457557467476364,0.2943,0.27422
38,0.004748607185315269,0.004184174344752484,0.9985742011916944,0.9985707703543775,10000,228.97521147263726,0.015677983288910128,0.013198858980590387,0.9851780638406522,0.9851602543649426,0.03778787502318981,0.2855,0.27602
39,0.00473618031602976,0.004200886391998765,0.9986225858381017,0.9986192714266433,10000,9.669166161723574,0.01601139678709335,0.013358924103013266,0.9844361165250107,0.9844174155535779,0.0662372552328594,0.2819,0.26996
40,0.004655495078092284,0.004144932029239577,0.9986391427221147,0.9986358681507623,10000,90.3125890394904,0.016147621137539245,0.013638601762195939,0.9839294270215155,0.9839101172312139,0.03857218628095549,0.2766,0.27942
41,0.004196015892582425,0.003733833930606544,0.9988852280373328,0.9988825456103122,10000,38.99664635900568,0.01557130483641609,0.013063823843710957,0.9852754672812333,0.9852577748417994,0.03764562734084953,0.2666,0.27542
42,0.004220055914935429,0.003766105331314045,0.9988716178607344,0.9988689026841411,10000,43.63628997020316,0.015852663466603863,0.01328310415334029,0.9847425741316397,0.9847242413880309,0.03851184146210607,0.274,0.28612
43,0.004023030076311149,0.003600278129639367,0.9989558659778449,0.9989533535238112,10000,20.292476939848594,0.015790193912657197,0.013180948767057929,0.985073411830857,0.985055476609266,0.03838575233694175,0.2873,0.2811
44,0.004215750708999845,0.0037434268594606075,0.9988950391868098,0.998892380367929,10000,83.01276595749549,0.015989671325161048,0.013270743299691792,0.9847908313913415,0.9847725566318237,0.03820971020692698,0.2748,0.27524
45,0.004373698050986326,0.0038347453345438584,0.9988143977746132,0.9988115449118291,10000,253.56082995100834,0.01626953335249752,0.013629019899350205,0.9841539905769598,0.9841349506136999,0.03375548801782091,0.2734,0.27648
46,0.0042145992751014315,0.0036714872360440244,0.9988983551752995,0.9988957043355368,10000,279.04506788076293,0.016245615763374986,0.013717822944195332,0.9840908496113413,0.9840717337802946,0.034339694644914154,0.2817,0.28196
47,0.0038356012238577575,0.003480412821354701,0.9990604171591854,0.9990581562820869,10000,32.172809561540234,0.015850852024194107,0.013213711123393628,0.9849915441851415,0.9849735105944958,0.03395954768283027,0.2794,0.27344
48,0.004114568351623147,0.003542375065805175,0.9989889205467279,0.9989864876304578,10000,186.05498567754543,0.016168601498230878,0.013482391819909746,0.9841976279147416,0.9841786403844499,0.037191941734387,0.2912,0.2817
49,0.0038912770937366546,0.003521254242631514,0.9990542832383533,0.9990520076014695,10000,54.72051222748323,0.015931554943104106,0.01316980566928304,0.9851543119486201,0.9851364739335389,0.0353847682615438,0.2689,0.28258
50,0.0037734254054049964,0.0033401128310850824,0.9991066543482671,0.9991045047296946,10000,359.05429519111544,0.01573795166412576,0.013088308940332785,0.9851417502800801,0.9851238971713749,0.03325360516696807,0.2993,0.27952
51,0.004227728742343854,0.0036489398523027847,0.9989113582849384,0.9989087387339898,10000,419.75944081066996,0.01631708075894924,0.013696837646577411,0.9841233349830252,0.9841042581851676,0.03283116213158943,0.2969,0.27948
52,0.0038549525978078796,0.003408879949241811,0.9990595515259165,0.9990572885658826,10000,258.1306690311405,0.01624709291703822,0.013523605355069038,0.9843192720834218,0.9843004307161445,0.03444787692121276,0.2956,0.2764
53,0.0037135021255202093,0.0032875158578982338,0.9991367567167674,0.9991346795322078,10000,208.8208203463946,0.015751410693324783,0.013146082298650255,0.9853555746678503,0.9853379784824107,0.03373826568142224,0.2743,0.27838
54,0.003802835362413215,0.003360115212739896,0.9990891594245305,0.9990869677086881,10000,204.32239056335956,0.01600358655512533,0.013356909258615586,0.9847402186888524,0.9847218831150331,0.02810034627833513,0.2592,0.28772
55,0.0038351892986186065,0.0033530534460298714,0.9990668938481643,0.9990646485556393,10000,121.00657160498463,0.01586872255702305,0.013279661883395152,0.9850376200658804,0.9850196418382635,0.028413041863320276,0.2779,0.28362
56,0.003419512204376082,0.0030202709732217057,0.9992566849223797,0.9992548963158164,10000,79.97572082658371,0.015901862830606267,0.01361125443428872,0.9844116473045204,0.9843929169318012,0.030297287159922748,0.278,0.28738
57,0.0034479678833066393,0.0031135874683642156,0.9992430593353901,0.9992412379421727,10000,18.70685687136224,0.016251964035939093,0.013820247529553001,0.9841251277745503,0.984106053130843,0.028043960301642024,0.2791,0.27994
58,0.0037121126214732457,0.0033297045733821817,0.9991398171856193,0.999137747365332,10000,133.7171891747069,0.016056976828691505,0.01364673457557914,0.9847885741107659,0.9847702966389855,0.03361116676436726,0.2798,0.28452
59,0.0031866853651375373,0.002831701164336527,0.9993647492411447,0.9993632206650256,10000,153.73661230526704,0.015953000077630595,0.013482050286968946,0.9846165731912684,0.9845980890497139,0.028410326087067728,0.3035,0.2707
60,0.0034390610112510216,0.0030123866813044457,0.9992540734459997,0.999252278555555,10000,82.10436455823861,0.01610640639391747,0.013671071843047987,0.9844483477825802,0.984429661507762,0.02393612245449539,0.2871,0.27414
61,0.003439551120841412,0.00305778206086278,0.9992597040482677,0.9992579227064949,10000,350.1636045110714,0.016143058838981317,0.013681010848020411,0.9844569707884968,0.9844382948747551,0.028104335091543975,0.2616,0.26914
62,0.0032983643397661746,0.0029071335273461855,0.9993270754053754,0.9993254561763528,10000,85.78025530211931,0.01618542793195602,0.013633103861224544,0.9843284128373363,0.9843095824532417,0.025478303003342417,0.2919,0.27266
63,0.0032085241390038604,0.002888927543742188,0.9993411950783334,0.9993396098248624,10000,235.24434220554363,0.01590700710965524,0.013507438511722593,0.9843699894315046,0.984351209004267,0.032232871654668926,0.3001,0.27634
64,0.0033845279944277763,0.0030190438241502727,0.9992659345616758,0.999264168212115,10000,103.0199363376151,0.01641640103543252,0.014090191581750088,0.9834980137356518,0.9834781855755265,0.02297294065465061,0.2683,0.28684
65,0.003381720024759724,0.002999676162457952,0.9992840060945941,0.9992822832297726,10000,208.25623211488957,0.016213692012259962,0.013666363079127625,0.9838032888766973,0.9837838275235903,0.02368511222724412,0.2857,0.27536
66,0.0031822310827062336,0.0028491943743499002,0.9993417405109407,0.9993401565699204,10000,7.130866459857464,0.01572083921970613,0.01326173872839976,0.9848687686810558,0.9848505875680261,0.03143850714005625,0.2898,0.28042
67,0.0032316788612939164,0.0028621237277717875,0.9993607457363962,0.9993592075268186,10000,212.13566652231626,0.01650219388042756,0.013770006902307569,0.983519333095483,0.9834995305518909,0.027816924661088094,0.2945,0.2862
68,0.0030813245264445063,0.002755538231571956,0.9993994494625729,0.999398004384079,10000,339.41516561008945,0.016159146152833915,0.013629282319471287,0.984061196226019,0.9840420447645903,0.03265982455196248,0.2846,0.28276
69,0.00326209724066089,0.0029311815556035217,0.9993329769311293,0.9993313719026901,10000,159.56037571942463,0.016341361072455023,0.013678548180418963,0.9839462243343099,0.9839269347270216,0.02818715151493345,0.2692,0.27562
70,0.003049838424432051,0.002646176711958738,0.9994297754650155,0.999428403358655,10000,346.97322004803436,0.016426471247043987,0.013700463298252882,0.9837435189408312,0.9837239857704387,0.0268259499798289,0.2731,0.27952
71,0.0030788668343786274,0.002692407404705051,0.9994189128413908,0.9994175145967742,10000,115.0502231048572,0.016491971008946057,0.013857425114836898,0.9839033205600961,0.9838839794012617,0.02854511224823708,0.2914,0.27798
72,0.0030426981069792314,0.0027599663906748514,0.9994100398549298,0.9994086202596338,10000,487.7503546352974,0.01645832868599035,0.01390794218927727,0.9841172821661809,0.9840981980954884,0.028072021919222756,0.2774,0.27782
73,0.0032064993617886926,0.0028166560401794746,0.9993707872584071,0.9993692732113049,10000,266.5767242054885,0.016235266106368555,0.01374326181638293,0.9841753580819603,0.9841563437930831,0.02387070449489237,0.2891,0.2811
74,0.003320217782995462,0.0029307713899880895,0.9993368860347848,0.9993352904126507,10000,396.21688839315163,0.0167485008484479,0.013928927726156167,0.9834692424120288,0.9834493796813734,0.036546783612089184,0.2825,0.28148
75,0.003245496912105658,0.0028174464028127557,0.9993325447441763,0.9993309386757845,10000,331.9319139107267,0.016370898764772508,0.013872987266267248,0.9841412410423607,0.9841221857597441,0.02680730542518539,0.2707,0.27978
76,0.0031391745547869917,0.002860447552500576,0.9993593591538658,0.9993578176078153,10000,294.6433700231645,0.016484087908361904,0.013690604549987427,0.9844481794356906,0.9844294929585933,0.032534802256338646,0.2746,0.27798
77,0.0030345991092947324,0.0027127160635125277,0.9994258990478797,0.9994245176138662,10000,362.0284139945635,0.01626303266739938,0.013551953776729162,0.9847430695923307,0.9847247374440488,0.02989757995492015,0.2964,0.28222
78,0.003136403962518143,0.0027929090310622614,0.9993752479623242,0.9993737446488187,10000,235.4287936277197,0.016509612975948884,0.013927529682121272,0.983534344121558,0.983514559614645,0.024557186633900496,0.2895,0.27526
79,0.003136354676969502,0.002741449615924282,0.9993927842245484,0.9993913231077837,10000,374.13952531524427,0.01625235977501032,0.013711774966949928,0.9840659650191206,0.9840468192876927,0.0265971029945844,0.2731,0.27522
80,0.002984465750163974,0.0026581527975244436,0.9994413297786746,0.9994399854749537,10000,230.52339618039704,0.01636861301513636,0.01376379497177323,0.984433761676222,0.9844150578752923,0.0277822348966561,0.277,0.28338
81,0.0029931629160137355,0.002638581575088337,0.9994413239985454,0.999439979680916,10000,175.59036610096993,0.01646381059919844,0.013780537284638055,0.9837925424047025,0.9837730681390428,0.024928569314994875,0.2832,0.2829
82,0.0033152782509822975,0.0029998573517804853,0.9992967482741502,0.999295056070278,10000,414.68794994984927,0.01687675814472018,0.014266771754591654,0.9826485532409143,0.9826277044013119,0.035243063911880146,0.2766,0.28474
83,0.0033000728623290188,0.002855464942243232,0.99933394505876,0.999332342359884,10000,431.4617970405274,0.01661131221075637,0.013903393723179721,0.9836690635955578,0.9836494409624494,0.027252118288477734,0.2996,0.28612
84,0.0029292363058926996,0.0026429844125095223,0.9994452345004547,0.9994438995924951,10000,46.36989437113121,0.01653164428949272,0.014165489069265506,0.983486799551129,0.9834669579164653,0.03873351659222024,0.2854,0.27496
85,0.002990908468281142,0.0025823014151365236,0.9994519617903068,0.9994506430699306,10000,80.92745647518703,0.016605248442499766,0.014096368327260418,0.9832958535714751,0.9832757825033723,0.02358222364297169,0.2867,0.2845
86,0.002836707726978724,0.0025048568611561995,0.999493605900115,0.999492387386139,10000,299.22497922643566,0.016322721613345283,0.014014415695759638,0.9840566344572954,0.9840374775146187,0.03729203319198582,0.2862,0.2697
87,0.0036873238039047437,0.003246004903214851,0.99916657959112,0.9991645741680386,10000,283.76610125473775,0.016826262726379125,0.014026355067453488,0.9832820427356694,0.9832619550729907,0.03022819811283739,0.2826,0.27684
88,0.0029007095613980565,0.002506176338812334,0.9994789653344551,0.9994777115915262,10000,370.74178915382214,0.016348458073679083,0.01381424273504798,0.9841287041935256,0.9841096338471075,0.02216184211631833,0.2749,0.28184
89,0.002989079566667886,0.0025630610027662245,0.9994584154641888,0.9994571122730057,10000,318.55349960775004,0.016680752928777107,0.014075345730139192,0.9833257831304856,0.9833057480246045,0.02246309729663931,0.2731,0.27504
90,0.0030479388396208867,0.0025634497847883274,0.999431173387848,0.9994298046452481,10000,53.45001905670892,0.01664039692984108,0.013943318858731455,0.9833380348750664,0.9833180144904164,0.023512350497671974,0.2781,0.28442
91,0.0028320212459120473,0.0024801492076997143,0.9995037113446389,0.999502517146952,10000,262.32003707105645,0.01647993212414841,0.01392387903883445,0.9834825480421354,0.9834627012990199,0.02313893655340371,0.3012,0.28196
92,0.002802347090871552,0.002434407256541782,0.9995219516634652,0.9995208013566599,10000,82.50229713088471,0.016496479335510905,0.014026286540671699,0.9835563577342991,0.9835365996781071,0.01992441449999116,0.2768,0.2822
93,0.0028892401174356493,0.002538004952706662,0.9994758316003094,0.9994745703168131,10000,315.7460602836781,0.01657877318795042,0.01393785959170799,0.9834823233622613,0.9834624763491789,0.02502226531616547,0.2667,0.27976
94,0.0028819501795836876,0.0024953983583851265,0.9994707335028901,0.9994694599520648,10000,122.98499699067139,0.016607328502444133,0.014236034088712332,0.9833387891063438,0.9833187696279495,0.02029732752470126,0.2796,0.28968
95,0.002682080853553641,0.00236650128039361,0.9995566853775557,0.9995556186489675,10000,162.65847321631023,0.016504808526015775,0.014022567176159356,0.9837484348636066,0.9837289076000003,0.02110813844489534,0.2753,0.2741
96,0.0028252028660099085,0.002474263356972263,0.9995032357147425,0.9995020403725683,10000,167.79926523138946,0.016818360509171102,0.014093987418011617,0.9830419814083511,0.9830216052970965,0.020374628040354392,0.2698,0.27798
97,0.002609246890841965,0.002370000396877833,0.9995775036293044,0.999576486994765,10000,46.22491410582499,0.016734025599510195,0.013685578685186552,0.9837846943299304,0.9837652106343221,0.02545049713138059,0.2797,0.27736
98,0.002870656129154793,0.002501400164079129,0.9994937645106972,0.9994925463783788,10000,139.74956907183574,0.01689655932945554,0.014221649599408553,0.982795181269067,0.9827745086121358,0.020840866246905954,0.2808,0.28572
99,0.0030611822049033217,0.002646202888211694,0.999427271316733,0.9994258931847501,10000,74.29709082202895,0.016696406226684824,0.014187074161919475,0.982922323658021,0.9829018037705569,0.0260526088409625,0.2705,0.2757
100,0.00264033592730299,0.0022649853138206662,0.9995755466099219,0.9995745252662922,10000,43.37436456043021,0.01659155741014272,0.013831857850698936,0.9835283108262988,0.9835085190700071,0.021104390550919394,0.2919,0.26432
101,0.002571062358597988,0.0023259025338656985,0.9995796504210132,0.9995786389522047,10000,40.68418222055327,0.016856464302353366,0.014104947912357797,0.982846038379009,0.9828254268300501,0.02558731711435236,0.2678,0.27244
102,0.002837738291219722,0.0024326076799590863,0.9994955001713208,0.9994942862154467,10000,157.17284916074752,0.016634532123722342,0.013932534564428034,0.9835476747585618,0.9835279062692359,0.027096580883641974,0.2658,0.28506
103,0.002686121839754491,0.002446943707244716,0.9995385583711192,0.9995374480243081,10000,54.85316670437797,0.016654692570933584,0.014125800500534372,0.9829631313895261,0.9829426605350827,0.025525969321352426,0.2517,0.26666
104,0.002621241168420056,0.0023143428722461248,0.9995686100211041,0.9995675719862641,10000,195.59043154977098,0.016751548406525093,0.01396369445382531,0.9833998346748553,0.9833798885464983,0.029305824989147022,0.2808,0.27594
105,0.0028258770608145254,0.002492875351243045,0.9994949520726063,0.9994937367978662,10000,285.27882538450945,0.016805184383673698,0.014002705931660205,0.9828054668029587,0.9827848065047345,0.034843141399897304,0.2687,0.27986
106,0.002408155654176431,0.0021261001376722682,0.9996397474945296,0.9996388806346809,10000,310.137059738358,0.016779484394038164,0.014372908167693037,0.9829810288394306,0.9829605794898835,0.025790584953250595,0.2769,0.27482
107,0.002573695900443018,0.002272263161602118,0.9995961871205316,0.9995952154432599,10000,174.00209499665036,0.016808177538705713,0.014164596399357153,0.9830838519018326,0.9830635261005731,0.026224729689372395,0.2799,0.2717
108,0.0029166287968524765,0.0025818651173475974,0.999462230111193,0.9994609360990282,10000,323.4877453071861,0.017038766048674013,0.01433995718530827,0.9822279527465062,0.9822065985293197,0.027343698261933724,0.2742,0.28854
109,0.002576813337898725,0.0022521996019657787,0.9995837223716696,0.999582720701018,10000,163.09852687777482,0.016811966077283372,0.014195177436250213,0.9832427585992316,0.9832226237342262,0.01753051981699605,0.2708,0.27974
110,0.002605515181667526,0.002293530662252823,0.9995833306055176,0.9995823279921762,10000,44.25798903713966,0.016794872613246283,0.013936332988631662,0.9829447420080479,0.982924249057622,0.018490643243738503,0.2671,0.27532
111,0.0025985966113779104,0.002263595089087818,0.9995863381782671,0.9995853428019165,10000,207.23975015578932,0.016518010340365253,0.01426165332020178,0.9834461325639398,0.9834262420653683,0.018230321890600587,0.2735,0.27288
112,0.002438263896708388,0.0021226903616921875,0.9996307365083333,0.9996298479657426,10000,9.877707833807824,0.016900134517810365,0.014200285382335226,0.9831851086128484,0.9831649044778082,0.018155088716020895,0.2728,0.2732
113,0.002445978153852802,0.0021606405595854233,0.9996238528015896,0.9996229476950363,10000,228.98194461348245,0.01691886227778164,0.014264239375283113,0.9828138915363425,0.982793241360958,0.03265845502732878,0.2755,0.28388
114,0.0027553002132488726,0.0024122453015713134,0.9995222738602229,0.9995211243287054,10000,325.21611337377425,0.01696968213945554,0.01426454403310873,0.9826157513119238,0.982594863058769,0.018816890437959977,0.2957,0.28792
115,0.0024943923805373427,0.0021745148704600675,0.9996145201133898,0.9996135925499972,10000,212.04688252425672,0.01694211772947617,0.01418563863803331,0.9830311788357479,0.9830107897445322,0.020513585593179506,0.2533,0.27746
116,0.0026084868473525424,0.0023638765513484756,0.9995633227730456,0.9995622720157319,10000,92.83971614688569,0.016818211154614644,0.014100959646580986,0.9829514364707896,0.982930951564176,0.02698123979986522,0.2924,0.2914
117,0.0025041319230167764,0.0022843427524151354,0.9996000904270341,0.9995991281421183,10000,322.2342961301727,0.017071540541196827,0.014411723991320768,0.9828059121653905,0.982785252402297,0.024448386127788102,0.2581,0.26972
118,0.0022725088730985972,0.001972133114940861,0.9996851226868907,0.9996843650113829,10000,125.56426805869955,0.016552177234014087,0.013827802613953073,0.9836255445163844,0.9836058695924029,0.019080162557451374,0.2766,0.28178
119,0.0025737780084716826,0.0022970455200916774,0.9995837597950372,0.9995827582144358,10000,492.3310390621625,0.017034456489873197,0.014543105825635666,0.982474634050834,0.9824535762365364,0.023953835674932922,0.2901,0.28182
120,0.002608027393734966,0.002292670134520273,0.999566095207453,0.999565051121327,10000,174.23211431161016,0.016836884720211286,0.013970305806571695,0.983168211021802,0.983147986583258,0.018531086260169527,0.2732,0.28194
121,0.00261143849256336,0.00223628237821072,0.9995830943227009,0.9995820911408024,10000,119.3692131397876,0.016679417561912754,0.013789486726181133,0.9831800008990955,0.9831597906268205,0.02916134061286446,0.253,0.27834
122,0.002332164897022168,0.0020671132972380174,0.999654588058028,0.9996537569083782,10000,58.69713379248295,0.016885287926400712,0.01414555139232637,0.983003444146271,0.9829830217301055,0.02922187767569584,0.2814,0.27724
123,0.0026975239388095573,0.0023521485587505897,0.9995480851120705,0.9995469976890395,10000,123.253405816345,0.017127518663156885,0.014458207375919883,0.9826021267296503,0.9825812221057147,0.02207742004563218,0.2586,0.28168
124,0.0025141954342702997,0.0021682866831068902,0.9996206356068357,0.9996197227588874,10000,80.9261167090052,0.017180408355918667,0.014497740526382428,0.9820663369896305,0.982044788581087,0.019363625342067037,0.2719,0.27528
125,0.002412325580230614,0.0020956610613634213,0.9996326207140597,0.9996317367053508,10000,141.30376003367837,0.016944659224266512,0.014402893868690547,0.9827047630175513,0.9826839817174823,0.018368306153468628,0.2877,0.27008
126,0.003385733685940596,0.0030340972209996985,0.9992735826633852,0.999271834717117,10000,103.91531471747221,0.017381529271088998,0.014723186711649955,0.9815655989831966,0.9815434489068773,0.024423418549342824,0.2846,0.27724
127,0.0024823178506635534,0.0021575670570609393,0.9996198992053826,0.9996189845854637,10000,40.911977330344676,0.01703112365966251,0.014301423208779127,0.9825434578950287,0.9825224827768492,0.022632422089465365,0.2865,0.28492
128,0.0029218965569440696,0.002509289121174762,0.9994773099610722,0.9994760522348907,10000,251.44869485681272,0.01728479714299227,0.01455719781686789,0.9820843477812283,0.9820628210137681,0.02139724085085226,0.2726,0.27366
129,0.002762917738262278,0.0023644223477971935,0.9995441152618598,0.999543018286352,10000,296.40810130197,0.017165752946402664,0.014460992895270293,0.9826371792743868,0.982616316768258,0.027345675620907617,0.2881,0.2739
130,0.003202765499997191,0.0027162187944827225,0.9993814969475773,0.9993800086707316,10000,546.8139853223689,0.01691432154566843,0.014235506455439051,0.9826314432208128,0.9826105738224599,0.023598879635074566,0.2827,0.28574
131,0.002727657143959886,0.002318879831666559,0.999549845013605,0.9995487618253481,10000,439.25201049104714,0.01714004724167219,0.014479883517384285,0.9823293088415451,0.982308076409994,0.020091549915474016,0.295,0.27944
132,0.002986740317525957,0.0025729055037401432,0.9994533726276178,0.9994520573020776,10000,736.4775222365336,0.017044939610238605,0.014329110014997912,0.9824201886354267,0.9823990654015852,0.025458556903067087,0.2814,0.2793
133,0.0024107727888393756,0.0020899641583759306,0.9996514160482528,0.9996505772659345,10000,325.0626858888105,0.01695525338933061,0.014336261693872775,0.9825590778624441,0.9825381215126243,0.023986315380950307,0.2909,0.29184
134,0.0022888223603842197,0.001981714987177107,0.9996793864161645,0.9996786149377194,10000,510.13045625365714,0.016771198397984122,0.014339617450093232,0.9832216759453147,0.9832015157481928,0.015877089622064355,0.2707,0.28242
135,0.002559770686103457,0.0022005800424230153,0.9996072047358459,0.9996062595697801,10000,238.71015218806158,0.017102017468218732,0.014325422088827202,0.9822345526998815,0.9822132064129483,0.021480438132616575,0.2712,0.27926
136,0.00257977381276678,0.002274149225705287,0.9995909940584113,0.9995900098853014,10000,17.47971609506838,0.017188185800057616,0.014534300106270619,0.9822480103852076,0.9822266802685181,0.019726675592489973,0.2834,0.27632
137,0.0024705397381093105,0.0021116458256546207,0.9996233747476213,0.9996224684907478,10000,225.41082799095196,0.016812092442026385,0.013953303465715832,0.9828689619362174,0.9828483779313345,0.01528674658159146,0.2863,0.27572
138,0.002643081136908842,0.0022505179954952197,0.9995771286994655,0.9995761111627487,10000,138.56785545308597,0.01716697725065461,0.014301519836575743,0.9821765215025036,0.9821551054874871,0.019742894584156456,0.2919,0.27932
139,0.002218740145233404,0.001955001857197358,0.9996909090547194,0.9996901653026954,10000,385.78715824509885,0.01707694068431658,0.014350794736458394,0.9826454430042455,0.9826245904275008,0.019673045236729747,0.2578,0.2803
140,0.0022723473006236393,0.002015100708662178,0.9996784276992693,0.9996776539139056,10000,7.299323530924032,0.016773998718247175,0.013877967447921228,0.9830452307695263,0.9830248585625807,0.016995049974864118,0.2812,0.26958
141,0.0024310828145345325,0.0020757847437766607,0.9996347918655388,0.9996339130811768,10000,146.72727841680677,0.017087013541294563,0.014420751725747994,0.9822841404178835,0.9822628537136695,0.01786720076719095,0.2911,0.28948
142,0.002487957347702884,0.002198890308341226,0.9996119976968458,0.9996110640638726,10000,224.07302537438653,0.0170184897340986,0.01434170075368483,0.9824595017430273,0.9824384257463232,0.02232404577818592,0.2695,0.28528
143,0.0023711411592875734,0.0020816799489992554,0.9996541772231702,0.9996533450849464,10000,361.63546642796484,0.017046841600325918,0.014207148457073415,0.9829197220864654,0.9828991990730517,0.01859660017085507,0.292,0.28062
144,0.0022471128862277647,0.0020194722142739246,0.9996759099566398,0.9996751301129421,10000,395.98123845695517,0.016976375314221564,0.014126127067096657,0.9827689440490871,0.9827482398665086,0.027255736519143703,0.2676,0.28042
145,0.0022921738579004098,0.002075050100858449,0.9996571691494608,0.9996563442105784,10000,16.08643239239958,0.01732578945620049,0.01478442620190445,0.9817829899700489,0.981761101102485,0.03020697602161926,0.2846,0.27596
146,0.002509972873304845,0.002199712526633894,0.9996126341198426,0.9996117020182661,10000,329.0298522790279,0.01709777365549064,0.014541248241434497,0.9822104421349841,0.9821890668777116,0.028969873923987643,0.2848,0.28084
147,0.0023373704404384406,0.002070623976348894,0.9996609260128312,0.9996601101139249,10000,318.6909027319815,0.01710412980827844,0.014188260063444024,0.9828371146113495,0.9828164923399303,0.022241303703354198,0.2746,0.27388
148,0.002346156052626865,0.0020855080865023043,0.9996511660933224,0.9996503267095486,10000,57.21021118710846,0.017270295616592886,0.01440239694209416,0.982453450744633,0.982432367477279,0.03233453557486543,0.2925,0.27348
149,0.0025657377892814195,0.002323958637653019,0.9995785976638033,0.9995775836617912,10000,322.3980999160365,0.01718435234596702,0.0144068043376402,0.9826371264140463,0.9826162638444026,0.030147467849273246,0.2784,0.28022
150,0.0022724882788661654,0.0020605201845890287,0.9996769672912097,0.9996761899917299,10000,145.18555360463736,0.017082763190056815,0.014199507441956558,0.9825349227221539,0.9825139373484346,0.01921787468398084,0.2597,0.2825
151,0.00240827389847211,0.0021143817645076497,0.9996399292825582,0.999639062860138,10000,125.40409986743714,0.017031009780858482,0.01436439453619643,0.9824766400616168,0.9824555846576657,0.020863986642905452,0.2686,0.27434
152,0.002248354390744529,0.00195449448278259,0.9996880212658804,0.9996872705650964,10000,327.0991765917508,0.01721917203505113,0.014639173722605184,0.981988731468937,0.9819670898125463,0.021360746073758485,0.2732,0.28974
153,0.002186323977346421,0.0019511944807084991,0.9997019370314256,0.9997012198155397,10000,498.02681658570253,0.017277308092481212,0.014398814539867582,0.9821049760928043,0.9820834741115401,0.0194035235199157,0.2817,0.28126
154,0.0022615559401781694,0.001969335538329394,0.9996831293343347,0.9996823668623098,10000,118.79408222664722,0.01730499870545902,0.014571368611782666,0.9820395741759289,0.9820179936102046,0.015720559504640574,0.2924,0.2781
155,0.0023281322967194404,0.002043053079593426,0.9996651113935626,0.9996643055657549,10000,314.7573188029005,0.017044895317157468,0.01410575839220753,0.982408395572218,0.9823872581682795,0.017903592785711853,0.2591,0.2749
156,0.002475908570772495,0.0022521713706743084,0.9996066493296569,0.9996057028271416,10000,164.82320989201855,0.01729779935825391,0.014595097827348056,0.9818042838390799,0.9817824205574206,0.03189096418800852,0.2693,0.2774
157,0.0023207969265972963,0.002137065267446555,0.9996482769580093,0.9996474306222355,10000,187.34210109794654,0.01743172238503944,0.014669236898571258,0.981655654852278,0.9816336129836716,0.023210126633763206,0.2723,0.27814
158,0.0024276293152725886,0.002149784835002324,0.9996295264150497,0.9996286349606643,10000,35.016180287691306,0.01705017772557946,0.014132217416648314,0.9824692501268663,0.9824481858434501,0.019334958537604918,0.2803,0.28516
159,0.0023039247068459643,0.0020125672553639763,0.999666406619607,0.999665603908445,10000,184.6552831064695,0.017049564163216555,0.014474239302863784,0.9825965558033816,0.9825756444856325,0.01714387720628685,0.285,0.26542
160,0.0022516549767316184,0.002009474134545677,0.999677781545755,0.9996770062055804,10000,270.6592026273581,0.017265450400612725,0.014654857802897249,0.9820274206987538,0.9820058255298728,0.017056268255924323,0.2577,0.2789
161,0.002879226149718829,0.0025149440716487692,0.9994877093210336,0.9994864766183772,10000,142.86348639623841,0.01713121936988395,0.014611758623926493,0.9823959960682438,0.9823748437655322,0.02441602602002324,0.2774,0.28566
162,0.0030687632377221874,0.0024853910354486097,0.9994606772466005,0.9994593794978456,10000,141.46274838247587,0.017610367295182238,0.01493505635903506,0.9813271097030904,0.9813046730671073,0.023274690976604506,0.2758,0.28868
163,0.002158126701062271,0.0018572039432143883,0.999715818754512,0.9997151349416092,10000,244.91292266258324,0.01719188605249576,0.014465867915381103,0.9820773955929528,0.9820558604720071,0.015588669608059935,0.272,0.2885
164,0.0022644167311544846,0.00198460934718661,0.9996751330735534,0.9996743513604759,10000,54.820043006382804,0.017280636073017913,0.014586912203455217,0.9822132897198745,0.9821919178841519,0.01797549916158414,0.2757,0.27484
165,0.0022598270431875307,0.001984207835825558,0.9996851006133848,0.9996843428847625,10000,141.6348511703533,0.017165510983313,0.014598766611176319,0.9821393049880818,0.9821178442551146,0.022756422010659305,0.2465,0.26118
166,0.0022748586627573293,0.0020309750484867614,0.9996738564504574,0.9996730716654976,10000,317.31248872348004,0.017118820838745347,0.01427876825430436,0.9826398748562407,0.9826190155890209,0.020922227439682528,0.2887,0.28086
167,0.002566312498699306,0.0021766127648975924,0.9996077764304904,0.9996068326400684,10000,165.8592229545416,0.01691903703066427,0.014081107000122321,0.9831621142564915,0.9831418824923058,0.02045096057430018,0.2903,0.27638
168,0.0021543124663679475,0.0018877249780571293,0.9997120764381482,0.9997113836202732,10000,186.10840915876335,0.017370641775599698,0.014539573592379127,0.9818729769820216,0.9818511962394346,0.017475087636122932,0.2722,0.2838
169,0.0023187178789332904,0.0020551094281303422,0.9996649002981411,0.9996640939623838,10000,372.90965730085145,0.017534460702529533,0.01488657865684448,0.9816624397261363,0.9816404060099767,0.019889663363394705,0.2899,0.28094
170,0.0020742895629323292,0.0017957324965926,0.9997377342775889,0.999737103199051,10000,27.063397417133444,0.0171110079880006,0.014559072939685754,0.9822855192010765,0.982264234153556,0.014489928272982788,0.2637,0.27518
171,0.002118632598650047,0.0018651436838810268,0.9997206148148164,0.9997199425424639,10000,53.36286016595938,0.017288356992452878,0.014549448901154203,0.981953376590111,0.9819316924526403,0.013974740018404708,0.2637,0.27636
172,0.0021896840785350937,0.0018887363124946075,0.9997060495232548,0.9997053422030782,10000,63.02157126995559,0.017077377183670455,0.014155844850155447,0.9826575864505379,0.9826367484648972,0.015118218021880181,0.2903,0.27976
173,0.0023111586837336368,0.0020195214001269756,0.9996738052130674,0.9996730203048173,10000,336.95751165885696,0.017799115703874265,0.014952465860553044,0.9809757594728722,0.9809529006677931,0.01780492922597776,0.2936,0.27108
174,0.002203355972100046,0.0019203764974847438,0.9997062871716146,0.9997055804232808,10000,341.3585229699396,0.017230779161074742,0.0143102424742738,0.9824677442377833,0.9824466781449479,0.020940293436554347,0.2868,0.2826
175,0.0027558088005409024,0.002354728066146056,0.9995430195834735,0.9995419199714827,10000,245.31807022760864,0.01756710039333789,0.01492837241943347,0.9812220239964226,0.9811994610934444,0.02127447870232324,0.3007,0.28088
176,0.002383965971465036,0.0021006437110634322,0.9996478681390026,0.9996470208195055,10000,249.73681650929967,0.017204289564423585,0.014536371182167636,0.9819109017301398,0.9818891665564903,0.026043282772067244,0.2717,0.27822
177,0.002221980537519781,0.0019377892071633892,0.9996949435575004,0.9996942095135241,10000,207.54032318717577,0.017509692485654812,0.014738004003269545,0.9819722642429931,0.9819506028002091,0.017653947549703175,0.2588,0.27482
178,0.002318511380984754,0.002038964183255077,0.999664399348072,0.9996635918069003,10000,108.22605220690815,0.017572509571224946,0.014802203958376631,0.9814196462282463,0.9813973207806383,0.022211276595339835,0.2529,0.28158
179,0.0022370840897279133,0.0019490581494710942,0.9996954242020557,0.9996946913146333,10000,104.52671341466646,0.01730324724941876,0.014613404710324664,0.9819797746828284,0.9819581222643037,0.02025592680854238,0.2888,0.27762
180,0.0021820234705496586,0.001955601505779062,0.9996947309534149,0.9996939963978586,10000,126.0759391319254,0.01743296215128079,0.014657850998109902,0.9817293353024272,0.981707381965452,0.026497029650809578,0.2609,0.27266
181,0.0020179539908314736,0.0018128354777774201,0.9997384904740718,0.9997378612151363,10000,179.4514330964639,0.01707204000121651,0.014611639346428514,0.9822043660431008,0.982182983485027,0.01834906833951233,0.2812,0.27122
182,0.0021211839534739543,0.0018613349998487807,0.99971857816539,0.999717900992337,10000,342.5930482089062,0.01739948053540065,0.014565976965336866,0.9817720173389752,0.9817501152871145,0.018542291554770385,0.2623,0.28372
183,0.0023774782762791846,0.002032405182817589,0.9996606783311673,0.9996598618362754,10000,163.9432488810929,0.017522354772655502,0.014741483185313686,0.9816535733415923,0.9816315289719216,0.018038941248505913,0.2875,0.28382
184,0.002070610290321977,0.0018073571157827754,0.9997331772621265,0.9997325352182416,10000,122.34623516067872,0.01722646673932565,0.014558070916215833,0.9821787172268052,0.9821573038500876,0.017075349810208973,0.2872,0.27764
185,0.002342564158491386,0.0019566579475762437,0.9996707675799765,0.9996699753624028,10000,11.720360544402519,0.017111483649418176,0.01450315369917579,0.9822929038057636,0.9822716276313037,0.01679221647381479,0.2942,0.2863
186,0.002588326849785362,0.0021725110218819813,0.9995958596081155,0.999594887142765,10000,144.37309668235315,0.016924452201166496,0.014403813165525168,0.982520479084746,0.9824994763561005,0.018628188910768673,0.2839,0.2826
187,0.0023335537130983056,0.0021485952527770928,0.9996409880219831,0.9996401241471613,10000,40.3112828130043,0.01740366889801641,0.014499377366321788,0.981959437695168,0.9819377608404911,0.02434636722859196,0.2659,0.27616
188,0.0019964841626019534,0.0017727424954697617,0.999750834786483,0.9997502352311266,10000,138.94143927633417,0.01733724487084002,0.014767901784259569,0.9820789637244943,0.982057430487756,0.014955113350195948,0.277,0.28332
189,0.0025072264801931934,0.0021439356356189937,0.9996143828904531,0.9996134549968669,10000,149.81750920151055,0.01773792504796185,0.015025698618266593,0.9809037618128477,0.980880816498114,0.017520611076987436,0.2946,0.2845
190,0.002225071687303072,0.00198212756645673,0.9996918119325642,0.9996910703530957,10000,44.82422409763541,0.017688578917244725,0.014767434244101728,0.9814479402744363,0.9814256488238798,0.031941441074996746,0.2844,0.28334
191,0.002106807398277194,0.0017759674102812133,0.9997331919362686,0.9997325499276933,10000,378.701393348185,0.01726554165263618,0.014404366942080561,0.9824994139124665,0.9824783858727099,0.015273147608942272,0.2665,0.28122
192,0.0023875746689458223,0.0022106511982784697,0.9996284946859251,0.9996276007489351,10000,39.162179359999286,0.017531805544514764,0.014710423029479015,0.9824465286875063,0.9824254371028712,0.021126057316044555,0.2957,0.28042
193,0.0019472853957824264,0.001766032748239899,0.999759616612719,0.9997590381886869,10000,213.376704531686,0.017182857602653933,0.014408356706211352,0.9823436694948082,0.9823224543184728,0.02795786553792312,0.278,0.28184
194,0.0024165696224921355,0.0021659853687089896,0.9996267844764358,0.9996258864242435,10000,316.8710288679362,0.017678516577853336,0.0149094552391722,0.9813368646862607,0.981314439771495,0.02308087523449709,0.2749,0.2707
195,0.0023226168829062832,0.0020227641638105804,0.9996666565463224,0.9996658544365481,10000,268.92357848749594,0.017336417156228447,0.014556850534644927,0.9821587356986049,0.9821372983128417,0.020243856636859237,0.2771,0.27896
196,0.001953692624369922,0.0017039357285324236,0.9997649117844469,0.9997643461019551,10000,342.3807168059744,0.017448106575434247,0.014922021057793607,0.98158807693113,0.9815659538634595,0.016753952938742822,0.2773,0.27906
197,0.001969135000091994,0.0017136905841688371,0.9997606888449865,0.9997601130010201,10000,167.8280263463743,0.01746591309352594,0.01469931085713561,0.981933984636894,0.9819122771987887,0.015511154538234706,0.28,0.27668
198,0.0021008780113031945,0.0017984073579769666,0.9997291872272832,0.9997285355823519,10000,435.8994982196981,0.01769811871219146,0.014875680946362272,0.981241208748103,0.9812186688967941,0.019076844417861838,0.3105,0.2925
199,0.0021619388369373215,0.0018814637345164582,0.9997152770667725,0.9997145919504303,10000,120.73488701219289,0.017452823286969614,0.014831647988994332,0.9816224251972278,0.9816003434011294,0.023973328323564136,0.2738,0.27198
200,0.0020217495971073416,0.0017417132121289106,0.9997491949732724,0.9997485914721053,10000,144.7652144503411,0.01738759952170646,0.014902735264383479,0.9816157682653434,0.9815936784705285,0.013513652332544313,0.265,0.27124
201,0.0020529162081387,0.001815049417752202,0.9997418142465178,0.9997411929854306,10000,301.70488371754726,0.01758587962234777,0.014628947382434488,0.9817914122480871,0.9817695335004128,0.016466846763381837,0.2788,0.26464
202,0.002020360355064944,0.001791005854777271,0.9997426497471983,0.9997420304965399,10000,477.6745080160616,0.017494958801257676,0.014564618957281592,0.981944686713785,0.981922992134889,0.016180394444681667,0.2625,0.28346
203,0.0019525268528322794,0.001689349627792594,0.9997639186804885,0.9997633506083341,10000,302.91018290577955,0.017506380544471498,0.014686593799207297,0.9816402416814759,0.9816181812929886,0.013787484979147724,0.294,0.2784
204,0.0021430136531179087,0.001841290026370849,0.9997219321062417,0.99972126300363,10000,390.8478411409213,0.017721931893186767,0.014915523433978825,0.981359539920337,0.9813371422512716,0.020081072218711027,0.2648,0.27874
205,0.0021241738672593126,0.0018788805712023702,0.9997124479304361,0.9997117560064669,10000,37.411594399357284,0.017202235867684133,0.014401053189513856,0.9823960603984375,0.9823749081730226,0.022006391300111505,0.2715,0.27708
206,0.0020244680066057613,0.0017876577761570798,0.9997485677827972,0.999747962772449,10000,42.00594818426298,0.017580673082514726,0.014671223324263964,0.9819047855697001,0.9818830430471044,0.015806067627898712,0.2931,0.27336
207,0.0024163715657909215,0.0020841027204977223,0.9996414523616582,0.9996405896041567,10000,351.3446586967979,0.017484325132271033,0.014479819008074258,0.981863853025274,0.9818420613196871,0.017219693147182857,0.2804,0.2917
208,0.0022516037780659047,0.0019728974885179686,0.9996868544208627,0.9996861009123507,10000,355.54691423936026,0.017687785617949675,0.014947765593483956,0.9812155263607439,0.9811929556504535,0.021009427451714413,0.2889,0.27818
209,0.0022987756485452642,0.0020573632487088747,0.9996702928510796,0.9996694994911864,10000,89.85016926595301,0.017624756557749106,0.01490311730479708,0.981324704910663,0.9813022653851727,0.02125706225676427,0.2654,0.28016
210,0.0021853553054673245,0.0019622443702329907,0.9996937947295036,0.9996930579211527,10000,60.62599628684857,0.017715545401532775,0.014935801548307577,0.9811507743454592,0.9811281258316057,0.016537476915047478,0.2575,0.2865
211,0.00200850832457354,0.001839086284141303,0.9997399158327298,0.9997392900035725,10000,418.8120553867214,0.017520504453617095,0.014805225898783511,0.9810175143006616,0.9809947056665982,0.02467415788779237,0.2748,0.27232
212,0.002048202950430445,0.0018210132264681145,0.9997363475650262,0.9997357131497023,10000,57.461091730716596,0.01765850666758958,0.014863107028272041,0.9808997906442083,0.9808768405578691,0.016481936723705903,0.2731,0.2718
213,0.0021472999282418728,0.0018385436280385836,0.9997162435331279,0.9997155607423515,10000,52.01233853168643,0.01720613121415941,0.014558937281807252,0.9819170695590976,0.9818953417964772,0.014004783679861355,0.2788,0.27522
214,0.0021665959309192743,0.00180709679560568,0.9997235385124594,0.9997228732752726,10000,119.84886982558503,0.017588097331924155,0.01460871270796303,0.981865636002592,0.981843846439363,0.01832888366911145,0.2835,0.28268
215,0.002100257914129291,0.0017945685111348713,0.9997319448922913,0.9997312998830087,10000,223.90081554680523,0.017566311242870086,0.015016575496133852,0.9808662474953576,0.9808432571048443,0.01610831313250527,0.2731,0.2829
216,0.0019757961638203155,0.001765922303306072,0.9997538452522786,0.9997532529408745,10000,331.5063167262706,0.0175868051701096,0.014903726271934103,0.9816551912614138,0.9816331488357741,0.01952598742387046,0.2752,0.27918
217,0.00214508527925536,0.0018516424802469081,0.9997213684948193,0.9997206980360139,10000,325.1107485112689,0.017634377785694377,0.01462162912194865,0.9815524361230225,0.98153027023071,0.017818109997527642,0.2888,0.28734
218,0.0022190645399072597,0.002052335408784054,0.9996856823240752,0.9996849259951979,10000,177.95178979608897,0.01775300364259347,0.01517913720651513,0.9807552580057958,0.9807321342545261,0.019733755094611838,0.273,0.27166
219,0.002147143040413701,0.0018779023761253033,0.9997208573900741,0.9997201857014197,10000,156.15553939980725,0.017719975842211477,0.014908690197828424,0.9809359812158628,0.9809130746147403,0.02045917930132002,0.2681,0.284
220,0.0019609462199670115,0.0016871936638657955,0.9997671603109901,0.9997666000390294,10000,8.030116991017374,0.01754937938324566,0.014483108576310067,0.9818705285320337,0.9818487448474822,0.020493396066030067,0.2874,0.277
221,0.0022280687964501204,0.0019626266875554838,0.9996900070681939,0.9996892611457592,10000,12.619879344193667,0.01741712710813207,0.014709151948656395,0.9817052771711924,0.9816832949268802,0.015113021487150546,0.2786,0.27202
222,0.0018558264316090322,0.0016416145497712064,0.9997859110797319,0.999785395926926,10000,0.7157535788074211,0.017228623516146797,0.014266113448659353,0.9820763755819562,0.9820548392354039,0.01862513113551545,0.2811,0.2821
223,0.0021276518592497572,0.001844077526807961,0.9997248954204943,0.9997242334483759,10000,130.23171756257864,0.01737343013949301,0.014428732588843106,0.9821470775910601,0.9821256261973575,0.019620978313506954,0.2784,0.28314
224,0.0020637549158059355,0.001845910253617101,0.9997242271328233,0.9997235635526336,10000,57.95307969108288,0.017636289974241902,0.014976106020516654,0.9809855906385375,0.9809627436462137,0.026878487708054788,0.2553,0.2731
225,0.002193407049035067,0.0019226143140100625,0.9997080847551397,0.9997073823322525,10000,104.43127864334299,0.017502517383321817,0.014645132331044555,0.9816981452194866,0.9816761544056921,0.02668580801807341,0.2828,0.28626
226,0.0021231225169755534,0.0018617603398038002,0.9997175205971971,0.999716840879364,10000,65.96910251167473,0.01758557321046866,0.014936734661415055,0.9813631360237213,0.9813407426755971,0.019315090039007998,0.2769,0.2892
227,0.002579849005501767,0.002100768709810674,0.9996031048840558,0.999602149852696,10000,145.53135965321778,0.017667157609601396,0.014945970981442016,0.9812872985722407,0.9812648141007144,0.019108053720748197,0.2913,0.29538
228,0.0021966785006574062,0.001967531189733817,0.9996826220559545,0.9996818583632878,10000,117.25225911929428,0.018011094000922868,0.015167339297131032,0.980654642863173,0.9806313982165683,0.025225273112291835,0.2648,0.27904
229,0.0019863448259097795,0.0017685159768530802,0.9997509982655283,0.9997503991035444,10000,347.7309244690249,0.01749853623802112,0.01446891329644584,0.9822317597767113,0.9822104101339078,0.021589676176078765,0.2863,0.27122
230,0.0023296639066270595,0.0019660003142915024,0.9996725781143224,0.9996717902533583,10000,298.77663406637356,0.017366115286315698,0.014311797363029429,0.9816845472708197,0.9816625401182463,0.020608927012907285,0.269,0.28374
231,0.0020721501520981275,0.0018924613529165807,0.9997246015821033,0.9997239389029345,10000,368.98507814112287,0.017516882765545534,0.014632021667323625,0.9815814886180536,0.9815593576341162,0.03827705323798947,0.2778,0.28118
232,0.002117961125427433,0.0018312729020819333,0.9997216666679026,0.9997209969265781,10000,386.86297366281366,0.017865830746951094,0.014923112926259939,0.9807951342865803,0.9807720584491355,0.025128460844392686,0.2799,0.2796
233,0.0020106686109123044,0.0017490734391166064,0.9997514677947914,0.9997508697626153,10000,262.2587943080488,0.017635147539291036,0.014678051269129282,0.9817350592613415,0.9817131128020581,0.016060474152979953,0.2711,0.27368
234,0.002052151800768075,0.0017982198136234034,0.9997329401432432,0.9997322975287894,10000,152.23252292292176,0.01744451917323742,0.01442402328609368,0.9821143801028495,0.9820928894210866,0.016481818090824274,0.279,0.2817
235,0.0023510607073129967,0.0019658596309639212,0.9996709777394039,0.9996701860275277,10000,174.00806751899057,0.017383242553361645,0.01450657793393622,0.9823318001935306,0.9823105707554934,0.014696486239398787,0.2775,0.28592
236,0.0019408270674609901,0.0017197961543751145,0.9997625129437465,0.9997619414890292,10000,21.272369406389817,0.017625444124845926,0.01502223136244973,0.9811505926878885,0.9811279439557622,0.025905916408039853,0.2686,0.28048
237,0.0019866918667025514,0.0017769097366822477,0.9997516504782752,0.9997510528856823,10000,260.9095270549325,0.017885076689382,0.014953040290778234,0.9809102422418159,0.9808873047137195,0.018340397557663257,0.2459,0.28376
238,0.0019654277191154027,0.00181078974425209,0.9997534261640586,0.9997528328442208,10000,34.11602419193358,0.01760548971318177,0.014845595416451278,0.9815950606234215,0.9815729459470903,0.034733895663536574,0.2702,0.28284
239,0.0021372038764630504,0.001823956485735048,0.9997238697521386,0.9997232053119993,10000,178.53165303729384,0.017605591189887276,0.014629781526852825,0.9818138942774214,0.9817920425432999,0.014444800822227433,0.2707,0.27908
240,0.0019502443374667976,0.0017336505245172402,0.9997610930533936,0.9997605181820562,10000,64.09434771718064,0.01778325835481022,0.014802596559900929,0.9813227562012894,0.9813003143343039,0.01908746444874465,0.2783,0.2699
241,0.0023352503026810877,0.0020986490287407972,0.9996572645662255,0.9996564398569403,10000,169.33231968002661,0.017856888158223207,0.015126948071910515,0.9806379643863175,0.9806146996994881,0.02287125896171205,0.2664,0.27192
242,0.0020319767792931253,0.0017568004402565844,0.9997455613358722,0.9997449490912422,10000,47.63440049845149,0.017622406090655834,0.014842586806634287,0.981615651370259,0.9815935614349874,0.014798317735813193,0.2565,0.28104
243,0.0019209295351702237,0.0017796944793496549,0.9997544458352167,0.999753854968969,10000,130.02576572591266,0.017878131098056457,0.015289962722300763,0.9805948463987058,0.9805715299029397,0.02038994491453827,0.2704,0.26908
244,0.002024878741311582,0.0018457746230795735,0.9997297381051574,0.9997290877857794,10000,224.78654010465,0.017662380624293803,0.01479094271279905,0.9815101454083041,0.9814879287010746,0.026282337905979225,0.2974,0.27544
245,0.0022697352678069955,0.0019087789392193484,0.9996914594443448,0.9996907170166993,10000,225.60379643257474,0.01790645955340294,0.01506051980947549,0.9804768950801017,0.9804534368585097,0.014195038177226449,0.2936,0.28582
246,0.0019425623924638287,0.001771372870113823,0.9997569593536381,0.9997563745355598,10000,133.56219523546156,0.017850958074085713,0.014853167364180906,0.9808432161043243,0.9808201980401662,0.015858573799252262,0.2734,0.27894
247,0.0021595103975754373,0.0018791071517113658,0.9997154273707965,0.9997147426161244,10000,387.5282393898195,0.01786012454071152,0.01490128071756789,0.9811214353188406,0.9810987515523267,0.01768325603470433,0.2764,0.28296
248,0.0022239203915253997,0.0019380485454327991,0.9996866522086596,0.9996858982135731,10000,117.10971214696532,0.017579930975783392,0.014728674238889627,0.9816202583285791,0.9815981739288537,0.015348914563085403,0.2674,0.28796
249,0.0017948809834464636,0.001657109354611844,0.9997864490703734,0.9997859352121108,10000,190.51664299809667,0.017826882044140645,0.014824931526551099,0.9813254898113735,0.98130305122899,0.03813018408441171,0.279,0.27824
250,0.0019171606034777333,0.0016825422101402322,0.9997662662326614,0.9997657038093191,10000,20.81950685873462,0.017453645660809685,0.01484540677226605,0.9816972406121969,0.9816752487114605,0.01643055429640783,0.2691,0.27784
251,0.001993192857457716,0.001704806414330237,0.999758312428024,0.9997577308657895,10000,162.62651860052637,0.01778989580469398,0.015187477197681827,0.9811337793779139,0.9811111104435527,0.01490508815674485,0.2691,0.2819
252,0.00193765782984307,0.0017561975989195061,0.9997600475959294,0.9997594702089535,10000,217.1929053188896,0.017839980644712643,0.014877014869839835,0.9810882904029676,0.9810655668107814,0.019551694486921845,0.3087,0.2819
253,0.0020027633417885114,0.00181564162347873,0.9997446768271263,0.9997440624541416,10000,278.029769109173,0.01745456956372089,0.014652976309492211,0.9813993999639867,0.9813770501892364,0.015864261339193053,0.2715,0.28064
254,0.0020143145190590402,0.001755084225254316,0.9997456474448994,0.9997450354074698,10000,175.26081550182732,0.017614322552467636,0.014709939265792117,0.9814829913426248,0.9814607420081011,0.01769132771189641,0.2745,0.27678
255,0.0018489643930071117,0.0016149330087820413,0.9997888508502085,0.9997883427712437,10000,22.730538400973774,0.01774868193645075,0.014970915157224663,0.9811067807297497,0.981084079354838,0.015361670028411822,0.2927,0.27998
256,0.001917962715487154,0.0017246089933863336,0.999767334961199,0.9997667751094914,10000,286.4393787360566,0.018052257965573717,0.015103994999196192,0.980852406274002,0.9808293992524028,0.016808621251916178,0.2647,0.28454
257,0.0019914592915349265,0.0017504639563126437,0.9997584059220445,0.9997578245847805,10000,242.02728534637606,0.017822623744703486,0.014793948474395743,0.9813856677364403,0.9813633014615667,0.016969646758715373,0.2977,0.2837
258,0.0020638122113193808,0.001856452008389326,0.9997281044343731,0.9997274501839646,10000,82.7149864504516,0.01778951493026549,0.014871560020773911,0.980729062759767,0.9807059075332843,0.01816459400316428,0.2887,0.27176
259,0.0021253610114035405,0.0018070063038425844,0.99972402535756,0.9997233612918472,10000,252.8554714887764,0.0179415881668799,0.015110380150310104,0.9807054922506083,0.9806823087026968,0.022454073730776347,0.2819,0.28946
260,0.001981355475718825,0.001738398429444029,0.9997584560096545,0.9997578747929141,10000,205.81097161771285,0.017550482989249463,0.014645606265491842,0.9813657008614808,0.9813433105951683,0.017281365383769787,0.2868,0.2856
261,0.0022996286276277607,0.0020163237645980715,0.9996778584578607,0.9996770833027563,10000,139.80407854729933,0.017777236666724934,0.01488012346634275,0.9808009267712113,0.9807778578937961,0.018684687400717048,0.2681,0.28118
262,0.0019452556510079098,0.0017160901081701336,0.9997673879633835,0.9997668282392128,10000,233.71696433204232,0.01781120846312623,0.015182678229900435,0.9801862234867343,0.9801624160051924,0.018253362095111636,0.2694,0.2783
263,0.0020349387538526526,0.0017466613711447484,0.9997480361132013,0.9997474298235198,10000,177.15886618087777,0.017955106913783974,0.014894843433504237,0.9805176175452617,0.9804942082542376,0.01425334015649704,0.2668,0.28434
264,0.0018803755946805924,0.0016115963383221098,0.9997814430986911,0.9997809171947778,10000,60.186797537599794,0.01778840266561096,0.014925533907493464,0.9804347661793208,0.9804112573372413,0.01461134915967155,0.3025,0.2776
265,0.0019633755638774307,0.0017058894835361908,0.9997673493188908,0.9997667895017315,10000,99.57008091659299,0.01796201655493614,0.01513572520072126,0.9810780964715997,0.9810553606307726,0.01622553660693571,0.2958,0.28984
266,0.002046096337296738,0.0018377797512027871,0.999735764064838,0.9997351282454632,10000,27.719776615401425,0.01793544398448246,0.015072237737128995,0.9806920891063805,0.9806688894537597,0.017506937655388244,0.2776,0.27426
267,0.0018698731029790413,0.0016106861455905948,0.9997849701330289,0.9997844527160641,10000,51.187060367834974,0.017811964804437603,0.015194375799983798,0.9806001462938176,0.9805768361662043,0.013695951071548751,0.2902,0.2733
268,0.0020487658924538935,0.0017482199663924382,0.9997406650647501,0.999740041038437,10000,106.86040009476935,0.017703697764058335,0.014851234509245859,0.9814509106010889,0.9814286227195642,0.019219580700860606,0.2792,0.29218
269,0.0019326132081792053,0.0016701173135868766,0.9997723235935136,0.9997717757457338,10000,191.72949161394888,0.017770093854368344,0.014966531229312742,0.980883488032291,0.9808605183573523,0.014937709965078594,0.2847,0.2843
270,0.0018322673925533124,0.0016555616917778872,0.9997816068794692,0.9997810813696544,10000,126.95313143220753,0.017647519799544004,0.015152365893538819,0.9807650110766538,0.9807418990443038,0.019777565613300463,0.2503,0.27474
271,0.0019955612187180518,0.0017493406814184339,0.9997516023155302,0.9997510046070454,10000,378.01243966866014,0.01755050582108247,0.014713845562437506,0.9815244742514906,0.9815022747612551,0.01870867521734243,0.2589,0.283
272,0.0019741532898195336,0.001685485559836508,0.9997586985318154,0.9997581178986455,10000,205.4535467980477,0.018061185837050277,0.015218045796590678,0.9805242424187302,0.9805008410879026,0.016800086411149273,0.2903,0.28656
273,0.0018345182912607775,0.0015732211218904603,0.9997916435153964,0.9997911421562997,10000,65.14615487754742,0.01810272093486813,0.01505937988822889,0.9803721687353933,0.980348584678602,0.016569225203044713,0.2873,0.27802
274,0.00189629557984113,0.001680201430327607,0.9997750316097372,0.9997744902781385,10000,227.65746610978192,0.017743971868746673,0.015013138372327109,0.9810664029462555,0.9810436530549322,0.02215700172260604,0.28,0.26886
275,0.0022966855222041373,0.0020505774917198216,0.9996685049624942,0.9996677073004829,10000,249.5237830474531,0.017945954288755808,0.014921735130544945,0.9805305382351399,0.9805071444691262,0.017018833210596718,0.2887,0.28078
276,0.001753717178919416,0.0015595757342775063,0.9998082311535904,0.9998077697086021,10000,210.97395741528013,0.017427272975088334,0.014956876846546497,0.9813926761840284,0.9813703183302392,0.023928065926073327,0.2945,0.28784
277,0.002321948271430671,0.001955670586266427,0.9996798145078181,0.9996790440594712,10000,16.91883700955803,0.017714249621725787,0.014681641300166812,0.98098515527267,0.9809623077572271,0.015090871588144261,0.2951,0.28206
278,0.0024610281016790984,0.00217872389275196,0.9996189313683059,0.999618014419523,10000,120.80236939559505,0.01801297884186706,0.015301318853282076,0.9804045202976187,0.9803809751132362,0.021034041340737053,0.2923,0.27676
279,0.0018357299718130265,0.0016626357832683577,0.9997879378897271,0.9997874276139453,10000,22.998078945753257,0.017743852173904867,0.01481805102234626,0.981173175311371,0.9811505537136677,0.016414778262171303,0.2881,0.27144
280,0.0019019507358209954,0.0017388787681798402,0.9997696465094306,0.9997690922199004,10000,41.481581395703756,0.018054222269214968,0.015158853102643343,0.9800344785318255,0.9800104887193074,0.016050037897867853,0.2647,0.2815
281,0.0018971479860579162,0.0017301111255720479,0.9997670808786068,0.9997665204155114,10000,47.98099553097668,0.01771389931924044,0.014855964045376445,0.981081897751858,0.9810591664785048,0.020096216161801017,0.2897,0.26958
282,0.00189195822207247,0.0016957080587501024,0.9997685480925536,0.999767991159951,10000,99.64190650420042,0.017844656268954078,0.014998060523197162,0.9808518425986295,0.9808288348997393,0.021382836179542952,0.2771,0.26424
283,0.0018576444592514562,0.0016636124429683576,0.9997782173475902,0.9997776836816931,10000,245.01991107491773,0.01770988418176536,0.01487924125327644,0.9811102785574477,0.981087581385393,0.017034926226410008,0.2813,0.28654
284,0.0019451342434766746,0.0017679106077796492,0.9997550740052854,0.9997544846505758,10000,152.04488856583177,0.018017473705213866,0.015324935694270219,0.9800695618502252,0.9800456141924904,0.017978044794895398,0.2862,0.2686
285,0.001941531059709458,0.0017669361401217128,0.9997563849417802,0.9997557987415198,10000,7.226139649230497,0.017557956175697772,0.014889021476538268,0.9813196891500557,0.9812972435978179,0.026807820645140756,0.2905,0.27666
286,0.0018059535543116921,0.0016077277168889772,0.9997904610751828,0.9997899568708319,10000,220.32447176065745,0.018073910595028185,0.015276666015437554,0.9805227569615034,0.9804993538458068,0.020997975513654232,0.2705,0.2755
287,0.001825981168480854,0.0016256938268699968,0.9997919514946291,0.9997914508766094,10000,204.45251986413857,0.017837695664842144,0.014799703339735319,0.9815988561960095,0.9815767460802943,0.017341191363016484,0.2957,0.28536
288,0.0021252227461684924,0.0018544551079695327,0.9997191789464779,0.9997185032190581,10000,449.0622283296701,0.017890591295244736,0.015138577696312171,0.98075009339084,0.980726963433965,0.02818305881570149,0.2623,0.28486
289,0.0019032588269665921,0.0017553991454107168,0.9997650071443089,0.9997644416912774,10000,128.62610684262685,0.017823947416313303,0.0151658959626894,0.9804610255744706,0.9804375482846832,0.01650192620740798,0.2764,0.2697
290,0.0017849929988922129,0.0016215954934981494,0.999796875028949,0.9997963862582145,10000,222.8037338495897,0.018029763018246315,0.015244570283282945,0.9804801952861614,0.9804567410299717,0.025199877227245704,0.2739,0.27844
291,0.0019958340767458537,0.0017006988927159988,0.9997607046661078,0.9997601288602112,10000,467.9323468641862,0.01784966134862108,0.015207070913333263,0.9808200387519275,0.9807969928387427,0.022880838597527653,0.2857,0.29754
292,0.001855329355256758,0.0016927410788405465,0.9997775142776878,0.9997769789200244,10000,44.28933669325407,0.018167182227485243,0.015223148167291579,0.9806677636654635,0.9806445347843166,0.020527224196585925,0.2891,0.27828
293,0.0017212011634514677,0.0015309927470455202,0.9998144837174369,0.9998140373177195,10000,130.20865196533612,0.01782446635700876,0.014975117849869525,0.9808129234177846,0.9807898689550845,0.016766929402245778,0.2825,0.26674
294,0.0019468430730505885,0.0017412487963266836,0.9997567777559906,0.9997561925009418,10000,37.480765497439485,0.017846196848558062,0.015025756914531355,0.9803002373686441,0.9802765668818537,0.022241925771733784,0.2607,0.27874
295,0.002073783857100136,0.001850671074809156,0.9997302129389798,0.9997295637621737,10000,121.94220045283616,0.01793274168948989,0.01496594266865787,0.980969163956892,0.9809462972268913,0.01856791704755678,0.281,0.27376
296,0.0022905449319223833,0.002044372901395617,0.9996695545818848,0.9996687594455268,10000,97.05838692096701,0.018238476460857005,0.015454819793634037,0.9800163808673716,0.9799923693093872,0.019485975534646705,0.2764,0.28562
297,0.001867855984837881,0.0016656874131861087,0.999780226633338,0.9997796978022973,10000,389.39611621173356,0.01800577669590047,0.014959450330088183,0.980586594768253,0.9805632683576412,0.015814883937655178,0.2786,0.26444
298,0.002010986766436689,0.0017916564091509481,0.9997500770649184,0.9997494756862897,10000,87.01661908500272,0.018168997476893163,0.015136614451848265,0.980504645371696,0.9804812204938008,0.02229922421752406,0.2681,0.28472
299,0.0018202634188159293,0.001634688458870323,0.9997908546138334,0.9997903513564375,10000,135.799250565315,0.01810617793999506,0.015063772965354235,0.9806184113504633,0.9805951231694486,0.02113247694223308,0.2936,0.2708
300,0.0018967771853580324,0.0016595925655028066,0.9997832949215008,0.9997827734735477,10000,6.357147996419107,0.018101849885560135,0.015046064403204846,0.9804866220872908,0.9804631755533013,0.013917732374563285,0.2882,0.29224
301,0.0018318434716316076,0.0016347559854151378,0.9997876438974618,0.9997871329142594,10000,52.5215323732331,0.017889813297853146,0.014838498065025005,0.980702616542227,0.9806794295389735,0.017161932344787134,0.3051,0.27318
302,0.0023751006791741594,0.0021413049974150834,0.999637233735841,0.9996363608272447,10000,7.127446334848361,0.018068501240211646,0.015053941211129372,0.9802699897341737,0.9802462829029741,0.01804214295346479,0.2769,0.28754
303,0.0019395863819196215,0.0017132313386398687,0.999762546526261,0.9997619751523518,10000,200.91134759332513,0.018182310500534503,0.015388313227290546,0.9802278440384896,0.9802040865666224,0.018787992697843925,0.2804,0.28422
304,0.001943097744477632,0.0017263815443688381,0.9997619819944714,0.9997614092621542,10000,147.69020746559042,0.018185552606031108,0.015437217592182,0.9798059284345098,0.9797816640048727,0.022049912951251027,0.2858,0.27966
305,0.0017343506341803653,0.0015284961615117114,0.9998103121046197,0.9998098556669328,10000,547.2022562283893,0.01823382512142184,0.015169460937708074,0.9804330448203112,0.9804095339099121,0.023613664182038197,0.2935,0.28246
306,0.0017090832167397864,0.0015085186720167332,0.9998229229478021,0.9998224968550355,10000,140.15533528913818,0.018090468665930896,0.015580013690264327,0.9799256539510985,0.9799015333790962,0.01534763231364289,0.2681,0.27808
307,0.0017838368638734856,0.0016439517326424387,0.9997967513348762,0.9997962622665022,10000,29.520731652525342,0.01806924857662462,0.015272066719016458,0.9798913884795402,0.9798672267354482,0.025679566421312416,0.2855,0.26564
